study_hours,attendance,previous_marks,assignments_completed,internal_marks,sleep_hours,final_score
2,68,55,5,52,6,54
3,72,60,6,58,7,59
4,75,62,7,61,7,64
5,80,68,8,67,7,70
6,84,72,9,73,8,76
7,88,78,9,79,8,82
8,91,82,10,84,8,87
9,94,88,10,90,7,92
1,60,48,4,45,6,48
2,65,52,5,50,7,53
4,78,65,7,64,6,65
5,82,70,8,69,8,72
6,86,74,9,75,7,78
7,90,80,10,81,8,84
8,93,85,10,86,8,89
3,70,58,6,55,6,57
4,74,61,7,60,7,63
5,79,66,8,66,7,69
6,83,71,9,72,8,75
7,87,77,9,78,7,81
8,92,84,10,85,8,88
9,96,91,10,92,7,94
1,58,45,3,42,6,45
3,69,56,6,54,7,56
5,81,69,8,68,8,71
6,85,76,9,76,8,79
7,89,79,10,80,7,83
8,95,87,10,88,8,91
2,63,50,5,48,6,51
4,77,64,7,62,7,66
